_id,combined_tags,cleaned_combined_tags
5ef5dfdb2ab4cf551d8bcfd4,"[""Writing""]",Writing
5ef5e8692ab4cf551d8bcfd5,"[""Advising Youth"",""Mentor"",""Giving your time to community projects"",""Coach young people"",""Nurturing Talents"",""Skilling""]",Advising YouthMentorGiving your time to community projectsCoach young peopleNurturing TalentsSkilling
5ef5e90cdf376c7656e0c1ea,"[""Biashara, Youth Empowerment, social  media, acting,  community service""]",Biashara Youth Empowerment social  media acting  community service
5ef5ea68df376c7656e0c1ec,"[""Volunteer""]",Volunteer
5ef5ee15df376c7656e0c1f0,"[""Advising Youth"",""Mentor"",""Coach young people""]",Advising YouthMentorCoach young people
5ef5f5b7df376c7656e0c1f1,"[""Charity Work"",""Mentor"",""Serving in community Boards"",""Planting trees""]",Charity WorkMentorServing in community BoardsPlanting trees
5ef5fe652ab4cf551d8bcfdb,"[""Volunteer"",""Giving your time to community projects""]",VolunteerGiving your time to community projects
5ef63c3f2ab4cf551d8bcfe2,"[""Advising Youth"",""Charity Work"",""Helping the Needy"",""Giving your time to community projects"",""Coach young people"",""Coach youth sports team"",""Providing sanitary pads"",""Sexual Reproductive Health""]",Advising YouthCharity WorkHelping the NeedyGiving your time to community projectsCoach young peopleCoach youth sports teamProviding sanitary padsSexual Reproductive Health
5ef651fddf376c7656e0c1fa,"[""Biz Opportunities"",""Help sharpen my skills in Biz"",""Tips on how to start a Biz""]",Biz OpportunitiesHelp sharpen my skills in BizTips on how to start a Biz
5ef65fad2ab4cf551d8bcfe7,"[""Advising Youth"",""Volunteer""]",Advising YouthVolunteer
5ef6e513df376c7656e0c1fc,"[""Volunteer"",""Community Cleaning""]",VolunteerCommunity Cleaning
5ef6e6942ab4cf551d8bcfea,"[""Giving your time to community projects"",""Supporting children home"",""Blood donation drive""]",Giving your time to community projectsSupporting children homeBlood donation drive
5ef711b52ab4cf551d8bcfef,"[""Community Cleaning"",""Advising Youth"",""Volunteer""]",Community CleaningAdvising YouthVolunteer
5ef72e55df376c7656e0c205,"[""Community Cleaning""]",Community Cleaning
5ef744452ab4cf551d8bcff2,"[""Volunteer""]",Volunteer
5ef74dce2ab4cf551d8bcff3,"[""Volunteer""]",Volunteer
5ef99dcd2ab4cf551d8bcff9,"[""Kusupply eggs"",""Community Cleaning"",""Volunteer""]",Kusupply eggsCommunity CleaningVolunteer
5ef9f27d2ab4cf551d8bd001,"[""Advising Youth"",""Supporting children home"",""Nyumba kumi"",""Volunteer"",""Help needy Families"",""Giving your time to community projects"",""Donating food stuffs to the poor"",""Skilling"",""Planting trees"",""Mentor""]",Advising YouthSupporting children homeNyumba kumiVolunteerHelp needy FamiliesGiving your time to community projectsDonating food stuffs to the poorSkillingPlanting treesMentor
5efa43a0df376c7656e0c21a,"[""Volunteer""]",Volunteer
5efb028bdf376c7656e0c21b,"[""Community Cleaning"",""Volunteer"",""Advising Youth""]",Community CleaningVolunteerAdvising Youth
5efb04692ab4cf551d8bd007,"[""Advising Youth""]",Advising Youth
5efb05152ab4cf551d8bd008,"[""Volunteer"",""Community Cleaning"",""Advising Youth""]",VolunteerCommunity CleaningAdvising Youth
5efb08f82ab4cf551d8bd00c,"[""Volunteer""]",Volunteer
5efb09e9df376c7656e0c224,"[""Volunteer"",""Community Cleaning"",""Advising Youth""]",VolunteerCommunity CleaningAdvising Youth
5efb471ddf376c7656e0c22b,"[""Volunteer"",""Advising Youth"",""Charity Work"",""Helping the Needy"",""Mentor"",""Coach young people"",""Skilling""]",VolunteerAdvising YouthCharity WorkHelping the NeedyMentorCoach young peopleSkilling
5efc58e12ab4cf551d8bd014,"[""Volunteer""]",Volunteer
5efc810c2ab4cf551d8bd018,"[""Advising Youth""]",Advising Youth
5efdd0ec2ab4cf551d8bd021,"[""Volunteer"",""Community Cleaning"",""Advising Youth""]",VolunteerCommunity CleaningAdvising Youth
5efddafadf376c7656e0c23f,"[""Advising Youth"",""Community Cleaning""]",Advising YouthCommunity Cleaning
5efddb922ab4cf551d8bd028,"[""Volunteer"",""Community Cleaning"",""Advising Youth"",""Donating money"",""Helping the Needy"",""Charity Work""]",VolunteerCommunity CleaningAdvising YouthDonating moneyHelping the NeedyCharity Work
5efddd1edf376c7656e0c242,"[""Volunteer""]",Volunteer
5efddfb12ab4cf551d8bd029,"[""Advising Youth"",""Volunteer"",""Community Cleaning"",""Nurturing Talents"",""Skilling"",""Mentor""]",Advising YouthVolunteerCommunity CleaningNurturing TalentsSkillingMentor
5efde0df2ab4cf551d8bd02a,"[""Biz Opportunities""]",Biz Opportunities
5efde4df2ab4cf551d8bd02c,"[""Volunteer"",""Community Cleaning"",""Advising Youth""]",VolunteerCommunity CleaningAdvising Youth
5efe151bdf376c7656e0c24b,"[""Advising Youth""]",Advising Youth
5eff7024df376c7656e0c254,"[""Volunteer"",""Advising Youth"",""Mentor"",""Coach young people"",""Nurturing Talents""]",VolunteerAdvising YouthMentorCoach young peopleNurturing Talents
5eff8184df376c7656e0c255,"[""Nurturing Talents"",""Advising Youth"",""Giving your time to community projects"",""Volunteer""]",Nurturing TalentsAdvising YouthGiving your time to community projectsVolunteer
5f02f86aacd87760903626d7,"[""Community Cleaning""]",Community Cleaning
5f03112facd87760903626db,"[""Movies"",""Reading"",""Music""]",MoviesReadingMusic
5f0316a17e380f36eb3704b4,"[""Advising Youth""]",Advising Youth
5f031aa07e380f36eb3704b6,"[""Community"",""Volunteer""]",CommunityVolunteer
5f032910acd87760903626e2,"[""Volunteer""]",Volunteer
5f035b5c7e380f36eb3704ba,"[""Diving""]",Diving
5f0454997e380f36eb3704be,"[""Music"",""Movies"",""Reading""]",MusicMoviesReading
5f045508acd87760903626ea,"[""Advising Youth""]",Advising Youth
5f0457d9acd87760903626eb,"[""Charity Work"",""Volunteer""]",Charity WorkVolunteer
5f045a257e380f36eb3704c1,"[""Research"",""Hygiene""]",ResearchHygiene
5f045cab7e380f36eb3704c3,"[""All I want is to help people na business yangu iwe expand"",""Movies"",""Music""]",All I want is to help people na business yangu iwe expandMoviesMusic
5f04674a7e380f36eb3704c7,"[""Computer skills""]",Computer skills
5f046fe6acd87760903626f5,"[""Advising Youth""]",Advising Youth
5f0477337e380f36eb3704cc,"[""Giving your time to community projects"",""Advising Youth""]",Giving your time to community projectsAdvising Youth
5f049c487e380f36eb3704d1,"[""Community Cleaning""]",Community Cleaning
5f04a147acd87760903626fc,"[""Volunteer"",""Giving your time to community projects"",""Advising Youth"",""Coach young people"",""Coach youth sports team"",""Nurturing Talents"",""Sexual Reproductive Health"",""Providing sanitary pads"",""Charity Work"",""Helping the Needy"",""Serving in community Boards"",""Eradicating Drug Abuse"",""Helping the elderly"",""Community Cleaning""]",VolunteerGiving your time to community projectsAdvising YouthCoach young peopleCoach youth sports teamNurturing TalentsSexual Reproductive HealthProviding sanitary padsCharity WorkHelping the NeedyServing in community BoardsEradicating Drug AbuseHelping the elderlyCommunity Cleaning
5f04a3907e380f36eb3704d3,"[""Kuuza kuku na kupanda tu boga..en sometimes kuchunja""]",Kuuza kuku na kupanda tu bogaen sometimes kuchunja
5f04bb10acd8776090362701,"[""Community Cleaning"",""Advising Youth""]",Community CleaningAdvising Youth
5f05eaf67e380f36eb3704e6,"[""Reading"",""Travelling""]",ReadingTravelling
5f07635bacd8776090362717,"[""Advising Youth""]",Advising Youth
5f0abd7a5bcf5e24f4c664a8,"[""Food""]",Food
5f0d761f5bcf5e24f4c664c5,"[""Volunteering"",""Community cleaning exercise""]",VolunteeringCommunity cleaning exercise
5f1296ca5bcf5e24f4c664f4,"[""Coach"",""Volunteer""]",CoachVolunteer
5f169a8b339de1123eb0145d,"[""Advising Youth"",""Community Cleaning"",""Volunteer""]",Advising YouthCommunity CleaningVolunteer
5f16a29c5bcf5e24f4c66503,"[""Mentor"",""Advising Youth"",""Coach young people"",""Nurturing Talents"",""Teaching""]",MentorAdvising YouthCoach young peopleNurturing TalentsTeaching
5f1e9b045bcf5e24f4c6651a,"[""Advising Youth""]",Advising Youth
5f1fe45c7b22cc32ebb42c41,"[""Supporting children home""]",Supporting children home
5f1fe69b7b22cc32ebb42c47,"[""Designing""]",Designing
5f1fee4f7b22cc32ebb42c4a,"[""Volunteer"",""Advising Youth""]",VolunteerAdvising Youth
5f1ff9737b22cc32ebb42c4d,"[""Volunteer""]",Volunteer
5f1fffb57b22cc32ebb42c4e,"[""Help sharpen my skills in Biz"",""Biz Opportunities"",""Tips on how to start a Biz""]",Help sharpen my skills in BizBiz OpportunitiesTips on how to start a Biz
5f2048ea4483621fb2112257,"[""Mentor"",""Giving your time to community projects"",""Coach young people"",""Teaching"",""Serving in community Boards"",""Helping the elderly""]",MentorGiving your time to community projectsCoach young peopleTeachingServing in community BoardsHelping the elderly
5f213ccc7b22cc32ebb42c58,"[""Community Cleaning""]",Community Cleaning
5f213f337b22cc32ebb42c5a,"[""Volunteer""]",Volunteer
5f21430a7b22cc32ebb42c5b,"[""Shujaaz distributor"",""Volunteer"",""Community Cleaning"",""Charity Work"",""Mentor"",""Supporting children home"",""Giving your time to community projects"",""Blood donation drive"",""Garbage collection"",""Planting trees"",""Donating food stuffs to the poor"",""Eradicating Drug Abuse"",""Nurturing Talents"",""Helping the elderly"",""Providing sanitary pads"",""Cleaning polluted rivers"",""Advising Youth"",""Help needy Families"",""Coach young people"",""Teaching"",""Donating Textbooks"",""Running for charity"",""Serving in community Boards"",""Skilling"",""Helping the Needy"",""Donating money"",""Nyumba kumi""]",Shujaaz distributorVolunteerCommunity CleaningCharity WorkMentorSupporting children homeGiving your time to community projectsBlood donation driveGarbage collectionPlanting treesDonating food stuffs to the poorEradicating Drug AbuseNurturing TalentsHelping the elderlyProviding sanitary padsCleaning polluted riversAdvising YouthHelp needy FamiliesCoach young peopleTeachingDonating TextbooksRunning for charityServing in community BoardsSkillingHelping the NeedyDonating moneyNyumba kumi
5f214c7b4483621fb2112260,"[""Kuwatch movie, kusoma Bible, kutazama wanyama""]",Kuwatch movie kusoma Bible kutazama wanyama
5f214e6a7b22cc32ebb42c5d,"[""Advising Youth""]",Advising Youth
5f2263a57b22cc32ebb42c67,"[""Computer Skills""]",Computer Skills
5f226eca7b22cc32ebb42c69,"[""Advising Youth""]",Advising Youth
5f2271a94483621fb2112270,"[""Youth""]",Youth
5f22b11a4483621fb2112279,"[""Advising Youth"",""Community Cleaning""]",Advising YouthCommunity Cleaning
5f22e08b4483621fb211227b,"[""Advising Youth""]",Advising Youth
5f22e5597b22cc32ebb42c79,"[""Movies"",""Music"",""Photography"",""Art""]",MoviesMusicPhotographyArt
5f2341d24483621fb2112282,"[""Nataka kuanza Biz""]",Nataka kuanza Biz
5f2540344483621fb211228a,"[""Movies""]",Movies
5f281d277b22cc32ebb42c85,"[""Advising Youth""]",Advising Youth
5f291be24483621fb2112296,"[""Volunteer"",""Advising Youth"",""Community Cleaning""]",VolunteerAdvising YouthCommunity Cleaning
5f291ef47b22cc32ebb42c95,"[""Volunteer"",""Community Cleaning"",""Advising Youth""]",VolunteerCommunity CleaningAdvising Youth
5f2958aa4483621fb21122a0,"[""Music studio""]",Music studio
5f2a77934483621fb21122a6,"[""Music"",""Movies"",""Reading""]",MusicMoviesReading
5f2a78384483621fb21122a9,"[""Volunteer""]",Volunteer
5f2a797d7b22cc32ebb42ca6,"[""Advising Youth""]",Advising Youth
5f2a7bf07b22cc32ebb42ca8,"[""Volunteer""]",Volunteer
5f2a7d5a4483621fb21122b0,"[""Volunteer""]",Volunteer
5f2a95304483621fb21122b3,"[""Music""]",Music
5f2a9fe57b22cc32ebb42cad,"[""Music""]",Music
5f2ab50e4483621fb21122b5,"[""Sexual Reproductive Health"",""Providing sanitary pads"",""Blood donation drive"",""Supporting children home"",""Mentor""]",Sexual Reproductive HealthProviding sanitary padsBlood donation driveSupporting children homeMentor
5f2d43e14483621fb21122cb,"[""Advising Youth""]",Advising Youth
5f2d4c827b22cc32ebb42cc7,"[""Volunteer"",""Advising Youth""]",VolunteerAdvising Youth
5f2d55ba7b22cc32ebb42ccb,"[""Advising Youth"",""Volunteer"",""Community Cleaning""]",Advising YouthVolunteerCommunity Cleaning
5f2e26fc4483621fb21122e5,"[""Movies"",""Reading"",""Music""]",MoviesReadingMusic
5f2e7b5a4483621fb21122f8,"[""Driving, computing and cooking""]",Driving computing and cooking
5f2e8e867b22cc32ebb42cec,"[""Kuimba""]",Kuimba
5f2e8f8f7b22cc32ebb42ced,"[""Advising Youth"",""Volunteer"",""Mentor"",""Community Cleaning"",""Charity Work"",""Help needy Families"",""Giving your time to community projects"",""Supporting children home"",""Coach young people"",""Teaching"",""Donating food stuffs to the poor"",""Nurturing Talents"",""Providing sanitary pads"",""Sexual Reproductive Health""]",Advising YouthVolunteerMentorCommunity CleaningCharity WorkHelp needy FamiliesGiving your time to community projectsSupporting children homeCoach young peopleTeachingDonating food stuffs to the poorNurturing TalentsProviding sanitary padsSexual Reproductive Health
5f2ea93d7b22cc32ebb42cf3,"[""Na offer services""]",Na offer services
5f2ef8777b22cc32ebb42cfc,"[""Advising Youth"",""Coach young people"",""Teaching""]",Advising YouthCoach young peopleTeaching
5f310bc24483621fb2112332,"[""Volunteer"",""Community Cleaning"",""Advising Youth""]",VolunteerCommunity CleaningAdvising Youth
5f313f2a4483621fb2112335,"[""Artist""]",Artist
5f3182214483621fb2112344,"[""Music"",""Futa""]",MusicFuta
5f31972b4483621fb2112349,"[""Drugs awereness"",""Keeping our town clean"",""Church Youth projects""]",Drugs awerenessKeeping our town cleanChurch Youth projects
5f3199be4483621fb211234d,"[""Kusocialize, kusurf na kublog""]",Kusocialize kusurf na kublog
5f319d384483621fb2112352,"[""Talent""]",Talent
5f31a5ea7b22cc32ebb42d33,"[""Youths Mobilization""]",Youths Mobilization
5f322afa4483621fb2112357,"[""Educating""]",Educating
5f32352f4483621fb2112359,"[""Getting new ideas""]",Getting new ideas
5f323d707b22cc32ebb42d3f,"[""Socialize""]",Socialize
5f3243f57b22cc32ebb42d46,"[""Volunteering"",""Church Activities""]",VolunteeringChurch Activities
5f3249cf4483621fb2112366,"[""Music"",""Sociliizing"",""Movies""]",MusicSociliizingMovies
5f324a887b22cc32ebb42d4a,"[""Environmentalist""]",Environmentalist
5f324f1f7b22cc32ebb42d4c,"[""Community Cleaning"",""community cleani""]",Community Cleaningcommunity cleani
5f3257017b22cc32ebb42d53,"[""Volunteer""]",Volunteer
5f3275367b22cc32ebb42d57,"[""Volunteer""]",Volunteer
5f3283274483621fb211237e,"[""Volunteer"",""Advising Youth"",""Community Cleaning""]",VolunteerAdvising YouthCommunity Cleaning
5f328b5d4483621fb2112380,"[""music"",""movies"",""football""]",musicmoviesfootball
5f328dba7b22cc32ebb42d5e,"[""Business""]",Business
5f3296774483621fb2112383,"[""Music"",""Movies""]",MusicMovies
5f3296f54483621fb2112384,"[""Volunteer""]",Volunteer
5f329ac17b22cc32ebb42d64,"[""Advising Youth""]",Advising Youth
5f329ae34483621fb2112386,"[""volunteering"",""Volunteer"",""Community Cleaning""]",volunteeringVolunteerCommunity Cleaning
5f32a0cd4483621fb2112387,"[""Music""]",Music
5f32a54d4483621fb211238a,"[""Advising Youth""]",Advising Youth
5f32ad274483621fb211238c,"[""Blood donation drive"",""Donating food stuffs to the poor"",""Helping the elderly"",""Help needy Families""]",Blood donation driveDonating food stuffs to the poorHelping the elderlyHelp needy Families
5f32b2384483621fb211238e,"[""Helping the elderly"",""Donating food stuffs to the poor""]",Helping the elderlyDonating food stuffs to the poor
5f32b7064483621fb2112391,"[""Music""]",Music
5f32b77c4483621fb2112393,"[""Helping the elderly"",""Volunteer"",""Community cleaning exercise"",""Charity work""]",Helping the elderlyVolunteerCommunity cleaning exerciseCharity work
5f32debf4483621fb2112398,"[""Eradicating Drug Abuse"",""Community cleaning exercise"",""Coach young people"",""Charity work"",""Volunteer"",""Giving your time to community projects""]",Eradicating Drug AbuseCommunity cleaning exerciseCoach young peopleCharity workVolunteerGiving your time to community projects
5f32e4eb7b22cc32ebb42d7a,"[""Volunteer"",""Community Cleaning"",""Advising Youth""]",VolunteerCommunity CleaningAdvising Youth
5f32ea504483621fb211239e,"[""Giving your time to community projects"",""Nurturing Talents"",""Community cleaning exercise"",""Charity work""]",Giving your time to community projectsNurturing TalentsCommunity cleaning exerciseCharity work
5f32f59b7b22cc32ebb42d81,"[""Help needy Families"",""Volunteer"",""Giving your time to community projects"",""Nurturing Talents""]",Help needy FamiliesVolunteerGiving your time to community projectsNurturing Talents
5f33a91c4483621fb21123ab,"[""Help needy Families"",""Community cleaning exercise""]",Help needy FamiliesCommunity cleaning exercise
5f33ab7f4483621fb21123ac,"[""Photographer""]",Photographer
5f33b0757b22cc32ebb42d89,"[""Movies""]",Movies
5f33b96c4483621fb21123af,"[""Music"",""BasketBall""]",MusicBasketBall
5f33ba8e4483621fb21123b0,"[""Help needy Families"",""Volunteer"",""Giving your time to community projects"",""Garbage collection""]",Help needy FamiliesVolunteerGiving your time to community projectsGarbage collection
5f33c7437b22cc32ebb42d8f,"[""music""]",music
5f33c7d44483621fb21123b5,"[""Advising Youth"",""Volunteer""]",Advising YouthVolunteer
5f33ca6e4483621fb21123b6,"[""Volunteer"",""Community Cleaning"",""Advising Youth""]",VolunteerCommunity CleaningAdvising Youth
5f33d2777b22cc32ebb42d97,"[""Beauty""]",Beauty
5f33d4714483621fb21123c1,"[""Helping the elderly"",""Volunteer""]",Helping the elderlyVolunteer
5f33d9f04483621fb21123c2,"[""Help needy Families"",""Volunteer"",""Charity work""]",Help needy FamiliesVolunteerCharity work
5f33e8fa4483621fb21123c4,"[""Charity work"",""Coach young people"",""Community cleaning exercise""]",Charity workCoach young peopleCommunity cleaning exercise
5f33eed87b22cc32ebb42d9d,"[""Charity work"",""Volunteer"",""Community Cleaning""]",Charity workVolunteerCommunity Cleaning
5f33f42c7b22cc32ebb42d9e,"[""Movies"",""Music""]",MoviesMusic
5f33f7d97b22cc32ebb42da0,"[""Volunteer"",""Sexual Reproductive Health"",""Community Cleaning""]",VolunteerSexual Reproductive HealthCommunity Cleaning
5f3400187b22cc32ebb42da1,"[""Football"",""Music""]",FootballMusic
5f34067a7b22cc32ebb42da4,"[""Volunteer"",""Community Cleaning"",""Advising Youth""]",VolunteerCommunity CleaningAdvising Youth
5f34274d7b22cc32ebb42da9,"[""Charity work"",""Coach youth sports team"",""Coach young people""]",Charity workCoach youth sports teamCoach young people
5f3448ab4483621fb21123d5,"[""Charity work"",""Coach youth sports team"",""Community cleaning exercise"",""Volunteer""]",Charity workCoach youth sports teamCommunity cleaning exerciseVolunteer
5f36028b5200894c03909f87,"[""Volunteer"",""Advising Youth""]",VolunteerAdvising Youth
5f3629855200894c03909f89,"[""Volunteer""]",Volunteer
5f3708695200894c03909f9b,"[""Volunteer""]",Volunteer
5f378f4f5200894c03909f9c,"[""Drawing, singing""]",Drawing singing
5f3a486b5200894c03909fa3,"[""Advising Youth"",""Help needy Families""]",Advising YouthHelp needy Families
5f3a54a85200894c03909fa4,"[""Music"",""Travelling"",""Culture""]",MusicTravellingCulture
5f3a5963b6b91a4b1aeffa45,"[""Helping the elderly"",""Giving your time to community projects""]",Helping the elderlyGiving your time to community projects
5f3a5cbeb6b91a4b1aeffa47,"[""Volunteer"",""Giving your time to community projects"",""Garbage collection""]",VolunteerGiving your time to community projectsGarbage collection
5f3a63dfb6b91a4b1aeffa48,"[""Charity work"",""Volunteer"",""Community cleaning exercise""]",Charity workVolunteerCommunity cleaning exercise
5f3a8381b6b91a4b1aeffa4d,"[""Charity work"",""Volunteer""]",Charity workVolunteer
5f3b8d13b6b91a4b1aeffa4f,"[""Computer Skills"",""Driving""]",Computer SkillsDriving
5f3e706bb6b91a4b1aeffa5d,"[""Volunterer""]",Volunterer
5f3ec8a3b6b91a4b1aeffa5f,"[""Reading"",""Networking""]",ReadingNetworking
5f3f91b8b6b91a4b1aeffa60,"[""Movies"",""Football""]",MoviesFootball
5f3f9a42b6b91a4b1aeffa61,"[""Movie""]",Movie
5f3fa099b6b91a4b1aeffa64,"[""Music""]",Music
5f411aa75200894c03909fd2,"[""Travelling""]",Travelling
5f43958ab6b91a4b1aeffa76,"[""Mobilize""]",Mobilize
5f439ff9b6b91a4b1aeffa7d,"[""Volunteer""]",Volunteer
5f43cc5db6b91a4b1aeffa80,"[""Ku learn more abut hii community yetu vitu wanatatkaak""]",Ku learn more abut hii community yetu vitu wanatatkaak
5f43d4595200894c03909fe2,"[""Dj"",""Clinician""]",DjClinician
5f43df2db6b91a4b1aeffa87,"[""Blood donation drive"",""Eradicating Drug Abuse"",""Dr"",""Hustling""]",Blood donation driveEradicating Drug AbuseDrHustling
5f44e2635200894c03909ff4,"[""Advising Youth"",""Teaching""]",Advising YouthTeaching
5f44eb8db6b91a4b1aeffa90,"[""Nikuomoa vijanaa"",""Movies""]",Nikuomoa vijanaaMovies
5f44ef675200894c03909ffa,"[""Volunteer"",""Advising Youth""]",VolunteerAdvising Youth
5f4505ba5200894c0390a001,"[""Cosmetic s""]",Cosmetic s
5f4640b5b6b91a4b1aeffa9e,"[""Movies""]",Movies
5f464514b6b91a4b1aeffaa6,"[""Biz Opportunities"",""Help sharpen my skills in Biz""]",Biz OpportunitiesHelp sharpen my skills in Biz
5f4645c35200894c0390a00c,"[""Photography"",""Music"",""Walking"",""Travelling"",""Driving"",""Riding"",""Rugby""]",PhotographyMusicWalkingTravellingDrivingRidingRugby
5f464df4b6b91a4b1aeffaaa,"[""Movies"",""Travelling"",""Music""]",MoviesTravellingMusic
5f4659085200894c0390a014,"[""Music""]",Music
5f465ba45200894c0390a016,"[""Advising Youth""]",Advising Youth
5f466a895200894c0390a01b,"[""Nawapea quality music""]",Nawapea quality music
5f46df41bfc18767b50e0eee,"[""Volunteer""]",Volunteer
5f477f461ccbc010cd78c3f2,"[""Volunteer"",""Coach young people"",""Planting trees""]",VolunteerCoach young peoplePlanting trees
5f479c7c1ccbc010cd78c3f5,"[""Internet Service"",""Online Jobs""]",Internet ServiceOnline Jobs
5f479d341ccbc010cd78c3f7,"[""Mimi Ni mtu ICT upande was graphic design""]",Mimi Ni mtu ICT upande was graphic design
5f47a3051ccbc010cd78c3fa,"[""Volunteer""]",Volunteer
5f47a3421ccbc010cd78c3fc,"[""Music""]",Music
5f47a8701ccbc010cd78c3ff,"[""Farming""]",Farming
5f47de80bfc18767b50e0f11,"[""Music"",""Reading""]",MusicReading
5f47eb071ccbc010cd78c404,"[""Advising Youth"",""Volunteer"",""Charity Work"",""Mentor"",""Giving your time to community projects"",""Coach young people"",""Garbage collection"",""Nurturing Talents""]",Advising YouthVolunteerCharity WorkMentorGiving your time to community projectsCoach young peopleGarbage collectionNurturing Talents
5f4803c9bfc18767b50e0f19,"[""Volunteer"",""Community Cleaning"",""Advising Youth""]",VolunteerCommunity CleaningAdvising Youth
5f48c550bfc18767b50e0f1e,"[""Music"",""Movies"",""Reading""]",MusicMoviesReading
5f4de2be1ccbc010cd78c41e,"[""Volunteer"",""Community Cleaning"",""Advising Youth"",""Mentor"",""Giving your time to community projects"",""Garbage collection"",""Planting trees"",""Supporting children home"",""Skilling""]",VolunteerCommunity CleaningAdvising YouthMentorGiving your time to community projectsGarbage collectionPlanting treesSupporting children homeSkilling
5f4f6139bfc18767b50e0f35,"[""Networking"",""Sports""]",NetworkingSports
5f4fa3391ccbc010cd78c432,"[""Movies"",""Music"",""Reading""]",MoviesMusicReading
5f4fdc1cbfc18767b50e0f3e,"[""Volunteer""]",Volunteer
5f500fc3bfc18767b50e0f3f,"[""Teaching"",""Coach young people"",""Supporting children home"",""Serving in community Boards"",""Giving your time to community projects"",""Help needy Families"",""Donating money"",""Advising Youth"",""Charity Work"",""Mentor"",""Nurturing Talents"",""Sexual Reproductive Health"",""Running for charity"",""Skilling"",""Donating food stuffs to the poor""]",TeachingCoach young peopleSupporting children homeServing in community BoardsGiving your time to community projectsHelp needy FamiliesDonating moneyAdvising YouthCharity WorkMentorNurturing TalentsSexual Reproductive HealthRunning for charitySkillingDonating food stuffs to the poor
5f507c11bfc18767b50e0f42,"[""Mentor Someone""]",Mentor Someone
5f51cdb01ccbc010cd78c445,"[""Help sharpen my skills in Biz""]",Help sharpen my skills in Biz
5f528c971ccbc010cd78c44e,"[""Giving your time to community projects""]",Giving your time to community projects
5f536244bfc18767b50e0f60,"[""Community Cleaning"",""Volunteer""]",Community CleaningVolunteer
5f5362751ccbc010cd78c45f,"[""Volunteer""]",Volunteer
5f5363b51ccbc010cd78c460,"[""Librarian""]",Librarian
5f53a61b1ccbc010cd78c469,"[""Biz Opportunities""]",Biz Opportunities
5f5494b7bfc18767b50e0f72,"[""Volunteer""]",Volunteer
5f54efb91ccbc010cd78c472,"[""Boxer, reggae artist""]",Boxer reggae artist
5f55d7e2bfc18767b50e0f7e,"[""Advising Youth""]",Advising Youth
5f55ee89bfc18767b50e0f81,"[""Biz Opportunities""]",Biz Opportunities
5f55f42cbfc18767b50e0f86,"[""Movies""]",Movies
5f55f9101ccbc010cd78c489,"[""Volunteer"",""Advising Youth""]",VolunteerAdvising Youth
5f55f93cbfc18767b50e0f8f,"[""teacher""]",teacher
5f560214bfc18767b50e0f95,"[""Teaching""]",Teaching
5f5645711ccbc010cd78c4a2,"[""My interests are that I do like movies due to that ni hobby yangu""]",My interests are that I do like movies due to that ni hobby yangu
5f566d391ccbc010cd78c4a6,"[""Advising Youth""]",Advising Youth
5f58ee4b1ccbc010cd78c4c4,"[""Entertainment""]",Entertainment
5f58f31c1ccbc010cd78c4c6,"[""Skilling""]",Skilling
5f59f628bfc18767b50e0fcf,"[""Football coach""]",Football coach
5f5a1f8c1ccbc010cd78c4d9,"[""Tailoring""]",Tailoring
5f5a2214bfc18767b50e0fd5,"[""Fashion""]",Fashion
5f5a29391ccbc010cd78c4de,"[""Advising Youth""]",Advising Youth
5f5a2f74bfc18767b50e0fdc,"[""Advising Youth"",""Volunteer""]",Advising YouthVolunteer
5f5a41cb1ccbc010cd78c4e8,"[""Reading""]",Reading
5f5a421a1ccbc010cd78c4ee,"[""Carpentry""]",Carpentry
5f5a42231ccbc010cd78c4ef,"[""Advising Youth""]",Advising Youth
5f5a42b2bfc18767b50e0fee,"[""Playing music instruments"",""Learning new languages""]",Playing music instrumentsLearning new languages
5f5a432b1ccbc010cd78c4f4,"[""Advising Youth"",""Volunteer""]",Advising YouthVolunteer
5f5a43b11ccbc010cd78c4f8,"[""Advising Youth""]",Advising Youth
5f5a43da1ccbc010cd78c4fa,"[""Advising Youth"",""Volunteer""]",Advising YouthVolunteer
5f5a43e5bfc18767b50e0ff4,"[""Volunteer"",""Advising Youth""]",VolunteerAdvising Youth
5f5a44e91ccbc010cd78c4fe,"[""Advising Youth"",""Volunteer"",""Planting trees"",""Mentor"",""Help needy Families"",""Helping the elderly""]",Advising YouthVolunteerPlanting treesMentorHelp needy FamiliesHelping the elderly
5f5a451b1ccbc010cd78c4ff,"[""Mentor"",""Advising Youth"",""Skilling"",""Nyumba kumi""]",MentorAdvising YouthSkillingNyumba kumi
5f5a4586bfc18767b50e0ffb,"[""Skating"",""Music"",""Photography"",""Cycling"",""Movies""]",SkatingMusicPhotographyCyclingMovies
5f5a47edbfc18767b50e0ffd,"[""Volunteer"",""Mentor""]",VolunteerMentor
5f5a48b8bfc18767b50e0fff,"[""Volunteer""]",Volunteer
5f5a49bebfc18767b50e1001,"[""Advising Youth""]",Advising Youth
5f5a4f11bfc18767b50e1003,"[""Advising Youth""]",Advising Youth
5f5a4f82bfc18767b50e1004,"[""Advising Youth""]",Advising Youth
5f5a51691ccbc010cd78c511,"[""Advising Youth"",""Volunteer""]",Advising YouthVolunteer
5f5a52a6bfc18767b50e1009,"[""Walking......dancing""]",Walkingdancing
5f5a53c61ccbc010cd78c515,"[""Eradicating Drug Abuse""]",Eradicating Drug Abuse
5f5a5cd11ccbc010cd78c519,"[""Volunteer"",""Advising Youth""]",VolunteerAdvising Youth
5f5a5cd51ccbc010cd78c51a,"[""Volunteer"",""Helping the Needy"",""Mentor"",""Advising Youth"",""Help needy Families""]",VolunteerHelping the NeedyMentorAdvising YouthHelp needy Families
5f5a80451ccbc010cd78c525,"[""Hapa""]",Hapa
5f5b07dbbfc18767b50e1020,"[""Giving your time to community projects""]",Giving your time to community projects
5f5b23ccbfc18767b50e1029,"[""Football"",""Visiting the sick"",""Kuhelp the needy""]",FootballVisiting the sickKuhelp the needy
5f5b554a1ccbc010cd78c537,"[""Advising Youth"",""Garbage collection""]",Advising YouthGarbage collection
5f5b645bbfc18767b50e1031,"[""Ku swim, Ku play football na ku sing""]",Ku swim Ku play football na ku sing
5f5b6d281ccbc010cd78c539,"[""Volunteer""]",Volunteer
5f5b73a1bfc18767b50e1036,"[""Music"",""Music, sports""]",MusicMusic sports
5f5b7bd71ccbc010cd78c53e,"[""Sales""]",Sales
5f5b7d7abfc18767b50e1038,"[""Volunteerer""]",Volunteerer
5f5b855e1ccbc010cd78c542,"[""Motivational speaker""]",Motivational speaker
5f5b96e5bfc18767b50e1041,"[""Volunteerer""]",Volunteerer
5f5c68241ccbc010cd78c546,"[""Volunteer"",""Charity Work"",""Mentor"",""Giving your time to community projects"",""Help needy Families"",""Planting trees"",""Sexual Reproductive Health"",""Providing sanitary pads""]",VolunteerCharity WorkMentorGiving your time to community projectsHelp needy FamiliesPlanting treesSexual Reproductive HealthProviding sanitary pads
5f5c7bf91ccbc010cd78c547,"[""Advising Youth""]",Advising Youth
5f5c9057bfc18767b50e1049,"[""Advising Youth"",""Volunteer"",""Community Cleaning""]",Advising YouthVolunteerCommunity Cleaning
5f5cc97abfc18767b50e104d,"[""Entrepreneurship"",""Coach young people"",""Advising Youth"",""Nurturing Talents""]",EntrepreneurshipCoach young peopleAdvising YouthNurturing Talents
5f5cc9a01ccbc010cd78c54e,"[""Volunteer"",""Advising Youth"",""Community Cleaning"",""Mentor"",""Mento""]",VolunteerAdvising YouthCommunity CleaningMentorMento
5f5cc9ffbfc18767b50e1051,"[""Music and reading""]",Music and reading
5f5cca7b1ccbc010cd78c553,"[""Volunteer"",""Advising Youth""]",VolunteerAdvising Youth
5f5cca96bfc18767b50e1054,"[""Help sharpen my skills in Biz""]",Help sharpen my skills in Biz
5f5cca97bfc18767b50e1055,"[""Volunteer"",""Advising Youth"",""Charity Work"",""Help needy Families"",""Supporting children home"",""Providing sanitary pads"",""Donating food stuffs to the poor"",""Garbage collection""]",VolunteerAdvising YouthCharity WorkHelp needy FamiliesSupporting children homeProviding sanitary padsDonating food stuffs to the poorGarbage collection
5f5ccac4bfc18767b50e1057,"[""Volunteer"",""Community Cleaning"",""Advising Youth""]",VolunteerCommunity CleaningAdvising Youth
5f5ccf0fbfc18767b50e105c,"[""Advising Youth"",""Community Cleaning""]",Advising YouthCommunity Cleaning
5f5ccfa41ccbc010cd78c55f,"[""Advising Youth"",""Mentor""]",Advising YouthMentor
5f5cd2ea1ccbc010cd78c563,"[""Finaces""]",Finaces
5f5cd82d1ccbc010cd78c565,"[""Volunteer"",""Advising Youth""]",VolunteerAdvising Youth
5f5cdd2bbfc18767b50e1062,"[""Movies""]",Movies
5f5ce691bfc18767b50e1069,"[""Cooking""]",Cooking
5f5cf41a1ccbc010cd78c56f,"[""Volunteer"",""Donating money"",""Help needy Families"",""Supporting children home"",""Teaching"",""Coach young people"",""Running for charity"",""Skilling"",""Providing sanitary pads""]",VolunteerDonating moneyHelp needy FamiliesSupporting children homeTeachingCoach young peopleRunning for charitySkillingProviding sanitary pads
5f5d066bbfc18767b50e106d,"[""Volunteer""]",Volunteer
5f5dd57ebfc18767b50e1075,"[""Volunteer"",""Advising Youth""]",VolunteerAdvising Youth
5f5dd8e9bfc18767b50e1077,"[""Volunteer"",""Advising Youth""]",VolunteerAdvising Youth
5f5df34dbfc18767b50e107f,"[""graphic design""]",graphic design
5f5e02bebfc18767b50e1083,"[""Volunteerer""]",Volunteerer
5f5e07601ccbc010cd78c58c,"[""Community Cleaning""]",Community Cleaning
5f5e0dcabfc18767b50e1086,"[""Volunteerer""]",Volunteerer
5f5e0f94bfc18767b50e1087,"[""Kuown Ka small business""]",Kuown Ka small business
5f5e11281ccbc010cd78c592,"[""Video production"",""Audio production"",""Public relations"",""Marketing""]",Video productionAudio productionPublic relationsMarketing
5f5e14e81ccbc010cd78c594,"[""Give them jobs when i have""]",Give them jobs when i have
5f5e228cbfc18767b50e108b,"[""Advising Youth""]",Advising Youth
5f5e4402bfc18767b50e108d,"[""Hairdressing""]",Hairdressing
5f5e6551bfc18767b50e1092,"[""Advising Youth"",""Volunteer"",""Giving your time to community projects"",""Community Cleaning""]",Advising YouthVolunteerGiving your time to community projectsCommunity Cleaning
5f5f0899bfc18767b50e109a,"[""Peer educator"",""Human rights activist"",""Environmentalist"",""teacher""]",Peer educatorHuman rights activistEnvironmentalistteacher
5f5f2d3b1ccbc010cd78c5b6,"[""Volunteer""]",Volunteer
5f5f6397bfc18767b50e10b3,"[""Volunteerer""]",Volunteerer
5f5f6884bfc18767b50e10b4,"[""Volunteer""]",Volunteer
5f5f6e7cbfc18767b50e10b5,"[""Volunteerer""]",Volunteerer
5f5f730c1ccbc010cd78c5bf,"[""Volunteerer""]",Volunteerer
5f5f8eaa1ccbc010cd78c5c0,"[""Kuinua wazee walio down na skills na maideas xa kumake it in life"",""Reading"",""Sports"",""Playing games"",""Singing"",""Drama"",""Acting"",""Dancing"",""Child care"",""Volunteering"",""Blogging"",""Writing"",""Public speaking""]",Kuinua wazee walio down na skills na maideas xa kumake it in lifeReadingSportsPlaying gamesSingingDramaActingDancingChild careVolunteeringBloggingWritingPublic speaking
5f607ab6bfc18767b50e10be,"[""Volunteerer""]",Volunteerer
5f607e501ccbc010cd78c5ca,"[""Volunteerer""]",Volunteerer
5f6080d5bfc18767b50e10c1,"[""Education."",""Kids fun"",""Kids games""]",EducationKids funKids games
5f6087d2bfc18767b50e10c4,"[""Volunteerer""]",Volunteerer
5f6088debfc18767b50e10c5,"[""Kupika""]",Kupika
5f609452bfc18767b50e10c7,"[""Attention to det""]",Attention to det
5f609f41bfc18767b50e10c8,"[""Hustle""]",Hustle
5f60a3421ccbc010cd78c5d5,"[""Volunteerer""]",Volunteerer
5f60ae501ccbc010cd78c5d8,"[""Coach young people""]",Coach young people
5f60b69fbfc18767b50e10ce,"[""Advising Youth"",""Advising youth""]",Advising YouthAdvising youth
5f60bf51bfc18767b50e10d3,"[""Volunteerer""]",Volunteerer
5f60c37a1ccbc010cd78c5e1,"[""Volunteerer""]",Volunteerer
5f60c6d91ccbc010cd78c5e3,"[""Volunteer""]",Volunteer
5f60c9261ccbc010cd78c5e4,"[""Volunteerer""]",Volunteerer
5f60ca0d1ccbc010cd78c5e6,"[""Advising Youth""]",Advising Youth
5f60ca95bfc18767b50e10e0,"[""Advising Youth"",""Helping the Needy"",""Charity Work"",""Supporting children home"",""Help needy Families"",""Donating food stuffs to the poor"",""Donating Textbooks"",""Helping the elderly"",""Donating money"",""Giving your time to community projects""]",Advising YouthHelping the NeedyCharity WorkSupporting children homeHelp needy FamiliesDonating food stuffs to the poorDonating TextbooksHelping the elderlyDonating moneyGiving your time to community projects
5f60cbc4bfc18767b50e10e5,"[""Futaa""]",Futaa
5f60cc09bfc18767b50e10e6,"[""Music""]",Music
5f60cdddbfc18767b50e10e8,"[""Volunteer""]",Volunteer
5f60cf8cbfc18767b50e10ee,"[""Advising Youth""]",Advising Youth
5f60d12cbfc18767b50e10f1,"[""Kucheza mpira"",""Kuskiza mziki"",""Kusafiri""]",Kucheza mpiraKuskiza mzikiKusafiri
5f60d222bfc18767b50e10f4,"[""Advising Youth""]",Advising Youth
5f60d8a51ccbc010cd78c607,"[""Kunyoa for free""]",Kunyoa for free
5f60dc851ccbc010cd78c609,"[""Music""]",Music
5f60e04e1ccbc010cd78c60a,"[""Training youngsters how to bake""]",Training youngsters how to bake
5f60e4171ccbc010cd78c60c,"[""Good citizen""]",Good citizen
5f60e6a31ccbc010cd78c60d,"[""Volunteer""]",Volunteer
5f60e6c9bfc18767b50e1103,"[""Kuunda dredy,kudobby""]",Kuunda dredykudobby
5f60f6141ccbc010cd78c612,"[""Advising Youth"",""Charity Work"",""Mentor"",""Helping the Needy"",""Giving your time to community projects"",""Help needy Families"",""Coach young people"",""Helping the elderly"",""Sexual Reproductive Health""]",Advising YouthCharity WorkMentorHelping the NeedyGiving your time to community projectsHelp needy FamiliesCoach young peopleHelping the elderlySexual Reproductive Health
5f60f677bfc18767b50e110b,"[""Mziki"",""Traveling""]",MzikiTraveling
5f611332bfc18767b50e1115,"[""Charity work""]",Charity work
5f61c0a01ccbc010cd78c61f,"[""Advising Youth""]",Advising Youth
5f61cd14bfc18767b50e111b,"[""Volunteer"",""Advising Youth"",""Community Cleaning""]",VolunteerAdvising YouthCommunity Cleaning
5f61d4a61ccbc010cd78c622,"[""Art"",""Music""]",ArtMusic
5f61ecf1bfc18767b50e111f,"[""Volunteerer""]",Volunteerer
5f61efb6bfc18767b50e1122,"[""Volunteerer""]",Volunteerer
5f61f82ebfc18767b50e1125,"[""Volunteerer""]",Volunteerer
5f61fc0abfc18767b50e1127,"[""Volunteerer""]",Volunteerer
5f6206e41ccbc010cd78c630,"[""Creating awareness""]",Creating awareness
5f620bbcbfc18767b50e112d,"[""Advising Youth""]",Advising Youth
5f62125c1ccbc010cd78c634,"[""Music"",""Sports""]",MusicSports
5f621527bfc18767b50e1130,"[""Creating awareness""]",Creating awareness
5f621dec1ccbc010cd78c63a,"[""Creating awareness""]",Creating awareness
5f6221eabfc18767b50e1135,"[""Volunteerer""]",Volunteerer
5f6227671ccbc010cd78c63e,"[""Volunteerer""]",Volunteerer
5f62334c1ccbc010cd78c640,"[""Creating awareness""]",Creating awareness
5f62531ebfc18767b50e113c,"[""Creating awareness""]",Creating awareness
5f625f3c1ccbc010cd78c644,"[""Creating awareness""]",Creating awareness
5f6312ce8de24971d492f9f1,"[""Advising Youth"",""Volunteer""]",Advising YouthVolunteer
5f6317568de24971d492f9f4,"[""Advising Youth""]",Advising Youth
5f631cca8de24971d492f9f7,"[""IT""]",IT
5f6331a58de24971d492f9fc,"[""Advising Youth""]",Advising Youth
5f6333cbd3eb082c11b1cdc0,"[""CHV""]",CHV
5f6343938de24971d492fa01,"[""I'm much interested in change, I would wish not to see  a situation""]",Im much interested in change I would wish not to see  a situation
5f634bd8d3eb082c11b1cdc9,"[""Community cleaning exercise"",""Cleaning polluted rivers"",""Volunteer""]",Community cleaning exerciseCleaning polluted riversVolunteer
5f635cb8d3eb082c11b1cdcc,"[""Volunteerer""]",Volunteerer
5f635dc08de24971d492fa0b,"[""Help needy Families""]",Help needy Families
5f6363498de24971d492fa0f,"[""Creating awareness""]",Creating awareness
5f6368fa8de24971d492fa13,"[""Computer skills""]",Computer skills
5f636b8dd3eb082c11b1cddc,"[""Business na sports""]",Business na sports
5f6371e88de24971d492fa19,"[""Doba"",""Futa""]",DobaFuta
5f63748c8de24971d492fa1a,"[""Treating""]",Treating
5f637717d3eb082c11b1cde2,"[""Volunteerer""]",Volunteerer
5f6377408de24971d492fa1b,"[""Madem"",""Futa"",""Music""]",MademFutaMusic
5f637a638de24971d492fa1d,"[""Travelling""]",Travelling
5f637c2ed3eb082c11b1cde6,"[""Volunteerer""]",Volunteerer
5f638d6a8de24971d492fa20,"[""Advising Youth""]",Advising Youth
5f638d6d8de24971d492fa21,"[""Volunteerer""]",Volunteerer
5f63a9a48de24971d492fa2b,"[""Creating awareness""]",Creating awareness
5f63b6fed3eb082c11b1cdfc,"[""Volunteerer""]",Volunteerer
5f63bbc6d3eb082c11b1cdfd,"[""CHV""]",CHV
5f645dd18de24971d492fa3f,"[""Volunteer"",""Community Cleaning"",""Advising Youth"",""Watu wa kutumia""]",VolunteerCommunity CleaningAdvising YouthWatu wa kutumia
5f64697b8de24971d492fa42,"[""Advising Youth"",""Community Cleaning""]",Advising YouthCommunity Cleaning
5f647b548de24971d492fa46,"[""Volunteerer""]",Volunteerer
5f648ffc8de24971d492fa4c,"[""Volunteer"",""Community Cleaning"",""Advising Youth""]",VolunteerCommunity CleaningAdvising Youth
5f6498ea8de24971d492fa4e,"[""Creating awareness""]",Creating awareness
5f64a812d3eb082c11b1ce18,"[""Creating awareness""]",Creating awareness
5f64b37e8de24971d492fa54,"[""Community Cleaning"",""Advising Youth""]",Community CleaningAdvising Youth
5f64c4a6d3eb082c11b1ce1f,"[""Community events na planning"",""Volunteer"",""Community Cleaning""]",Community events na planningVolunteerCommunity Cleaning
5f64d848d3eb082c11b1ce24,"[""Volunteerer""]",Volunteerer
5f64e1498de24971d492fa5f,"[""Volunteerer""]",Volunteerer
5f64e39f8de24971d492fa60,"[""Volunteerer""]",Volunteerer
5f64e7e5d3eb082c11b1ce2b,"[""Volunteerer""]",Volunteerer
5f65b822d3eb082c11b1ce3f,"[""Volunteerer""]",Volunteerer
5f65cb388de24971d492fa7a,"[""Volunteerer""]",Volunteerer
5f65cf718de24971d492fa7b,"[""Volunteerer""]",Volunteerer
5f65d607d3eb082c11b1ce47,"[""Music"",""Movies"",""Photography"",""Martial arts"",""Singing"",""Acting"",""Drama"",""Volunteering"",""Cooking""]",MusicMoviesPhotographyMartial artsSingingActingDramaVolunteeringCooking
5f65e6848de24971d492fa7e,"[""Volunteer"",""Community Cleaning""]",VolunteerCommunity Cleaning
5f65fc518de24971d492fa80,"[""Volunteerer""]",Volunteerer
5f661d5cd3eb082c11b1ce53,"[""Volunteerer""]",Volunteerer
5f67235d8de24971d492fa91,"[""Volunteerer""]",Volunteerer
5f674718d3eb082c11b1ce61,"[""Volunteerer""]",Volunteerer
5f674a6cd3eb082c11b1ce62,"[""Volunteerer""]",Volunteerer
5f67629f8de24971d492fa99,"[""Volunteerer""]",Volunteerer
5f67936cd3eb082c11b1ce65,"[""Cyber cafe""]",Cyber cafe
5f68471b8de24971d492fa9f,"[""Dj""]",Dj
5f68aa748de24971d492faa8,"[""Volunteerer""]",Volunteerer
5f68bb76d3eb082c11b1ce75,"[""Volunteerer""]",Volunteerer
5f68c7528de24971d492faab,"[""Vokunteerer""]",Vokunteerer
5f68cba08de24971d492faac,"[""Volunteerer""]",Volunteerer
5f68e4d08de24971d492faaf,"[""Volunteerer""]",Volunteerer
5f69b6958de24971d492fac0,"[""Volunteerer""]",Volunteerer
5f69d92dd3eb082c11b1ce8a,"[""Volunteerer""]",Volunteerer
5f69e6f28de24971d492facc,"[""Vokunteerer""]",Vokunteerer
5f6a072f8de24971d492fad7,"[""Reading""]",Reading
5f6a0d538de24971d492fae6,"[""Help sharpen my skills in Biz""]",Help sharpen my skills in Biz
5f6a0ddbd3eb082c11b1ceab,"[""Internet""]",Internet
5f6a1021d3eb082c11b1ceac,"[""Volunteer""]",Volunteer
5f6a17c78de24971d492faea,"[""My""]",My
5f6a4123d3eb082c11b1ceb8,"[""Reading"",""Movies"",""Music""]",ReadingMoviesMusic
5f6ad24f8de24971d492faf5,"[""Art mentorship""]",Art mentorship
5f6b2974d3eb082c11b1cece,"[""Volunteer"",""Advising Youth""]",VolunteerAdvising Youth
5f6b2ad8d3eb082c11b1cecf,"[""Volunteer"",""Advising Youth"",""Coach young people"",""Supporting children home"",""Community Cleaning"",""Charity Work"",""Mentor"",""Helping the Needy"",""Giving your time to community projects""]",VolunteerAdvising YouthCoach young peopleSupporting children homeCommunity CleaningCharity WorkMentorHelping the NeedyGiving your time to community projects
5f6b67f68de24971d492fb14,"[""Advising Youth""]",Advising Youth
5f6b8c32d3eb082c11b1cef0,"[""Volunteerer""]",Volunteerer
5f6b8fa48de24971d492fb26,"[""Volunteerer""]",Volunteerer
5f6b9b8dd3eb082c11b1cefb,"[""Volunteerer""]",Volunteerer
5f6ba0a78de24971d492fb2c,"[""Volunteerer""]",Volunteerer
5f6ba829d3eb082c11b1cf01,"[""Volunteerer""]",Volunteerer
5f6baa64d3eb082c11b1cf03,"[""Volunteerer""]",Volunteerer
5f6c4ac7d3eb082c11b1cf08,"[""Advising Youth""]",Advising Youth
5f6c61768de24971d492fb3f,"[""Volunteerer""]",Volunteerer
5f6c6fc98de24971d492fb43,"[""Medical Services""]",Medical Services
5f6c74bb8de24971d492fb45,"[""Dancing""]",Dancing
5f6c8c118de24971d492fb4c,"[""Travelling"",""Art""]",TravellingArt
5f6c90fed3eb082c11b1cf1f,"[""Art"",""fashion""]",Artfashion
5f6c97748de24971d492fb52,"[""Volunteerer""]",Volunteerer
5f6c9883d3eb082c11b1cf25,"[""travelling"",""music"",""food""]",travellingmusicfood
5f6ca5988de24971d492fb58,"[""Music"",""Movies""]",MusicMovies
5f6ca7c1d3eb082c11b1cf2a,"[""Sports"",""business""]",Sportsbusiness
5f6cbcc88de24971d492fb60,"[""Swimming"",""Travelling""]",SwimmingTravelling
5f6cdfa1d3eb082c11b1cf40,"[""Dance""]",Dance
5f6ce0f18de24971d492fb6c,"[""Volunteerer""]",Volunteerer
5f6ce5eb8de24971d492fb6f,"[""music""]",music
5f6ce8c98de24971d492fb71,"[""music and fashion""]",music and fashion
5f6cecb8d3eb082c11b1cf4b,"[""Kufuga kuku""]",Kufuga kuku
5f6d04228de24971d492fb78,"[""Volunteerer""]",Volunteerer
5f6d0b6f8de24971d492fb79,"[""Volunteerer""]",Volunteerer
5f6d62d88de24971d492fb7d,"[""Advising Youth""]",Advising Youth
5f6d7aba8de24971d492fb7e,"[""Advising Youth""]",Advising Youth
5f6d8ceb8de24971d492fb84,"[""Advising Youth""]",Advising Youth
5f6dabe68de24971d492fb93,"[""Volunteerer""]",Volunteerer
5f6dac148de24971d492fb94,"[""Hustle""]",Hustle
5f6db349d3eb082c11b1cf73,"[""Gaming""]",Gaming
5f6db535d3eb082c11b1cf74,"[""Electronics""]",Electronics
5f6db7e3d3eb082c11b1cf75,"[""Music""]",Music
5f6dbd588de24971d492fb9f,"[""Advising Youth"",""Advising youth""]",Advising YouthAdvising youth
5f6dbf20d3eb082c11b1cf7c,"[""Gaming"",""Playing soccer, I can do anything""]",GamingPlaying soccer I can do anything
5f6dc45c8de24971d492fba3,"[""Electrical Services""]",Electrical Services
5f6dc65b8de24971d492fba7,"[""Volunteerer""]",Volunteerer
5f6dc8648de24971d492fba8,"[""Writing"",""Wri""]",WritingWri
5f6ddf778de24971d492fbaa,"[""business""]",business
5f6de51e8de24971d492fbac,"[""fashion wear""]",fashion wear
5f6de98c8de24971d492fbad,"[""Business""]",Business
5f6dec598de24971d492fbae,"[""Advising Youth""]",Advising Youth
5f6deffc8de24971d492fbaf,"[""Advising Youth"",""love""]",Advising Youthlove
5f6df3088de24971d492fbb0,"[""Beauty and make up""]",Beauty and make up
5f6df3b2d3eb082c11b1cf90,"[""Volunteerer""]",Volunteerer
5f6df5ab8de24971d492fbb3,"[""Music and sound""]",Music and sound
5f6dfbded3eb082c11b1cf93,"[""Volunteerer""]",Volunteerer
5f6dfc998de24971d492fbb5,"[""Food""]",Food
5f6dffadd3eb082c11b1cf95,"[""Volunteerer""]",Volunteerer
5f6e00ed8de24971d492fbb7,"[""Media"",""Music"",""Movies""]",MediaMusicMovies
5f6e0252d3eb082c11b1cf97,"[""Volunteerer""]",Volunteerer
5f6e0581d3eb082c11b1cf99,"[""movies""]",movies
5f6e0760d3eb082c11b1cf9a,"[""Volunteerer""]",Volunteerer
5f6e0cd28de24971d492fbbd,"[""Volunteerer""]",Volunteerer
5f6e0d498de24971d492fbbe,"[""Gaming"",""swimming""]",Gamingswimming
5f6e18298de24971d492fbbf,"[""Hockey""]",Hockey
5f6e3a8bd3eb082c11b1cfa7,"[""Volunteerer""]",Volunteerer
5f6e3e6a8de24971d492fbc7,"[""Volunteerer""]",Volunteerer
5f6e465a8de24971d492fbc8,"[""Volunteerer""]",Volunteerer
5f6e5093d3eb082c11b1cfae,"[""Volunteerer""]",Volunteerer
5f6ef5488de24971d492fbde,"[""Adventure""]",Adventure
5f6f1cf28de24971d492fbf0,"[""Landscaping""]",Landscaping
5f6f238c8de24971d492fbf9,"[""Dj""]",Dj
5f6f2ba38de24971d492fbff,"[""Volunteerer""]",Volunteerer
5f6f3c43d3eb082c11b1cff7,"[""Volunteer""]",Volunteer
5f6f3ddf8de24971d492fc15,"[""Volunteerer""]",Volunteerer
5f6f4b66d3eb082c11b1cffb,"[""Volunteerer""]",Volunteerer
5f6f4fd2d3eb082c11b1cffc,"[""Volunteerer""]",Volunteerer
5f6f515fd3eb082c11b1cfff,"[""Volunteerer""]",Volunteerer
5f6f53b08de24971d492fc1e,"[""Volunteerer""]",Volunteerer
5f6f5b12d3eb082c11b1d002,"[""Volunteerer""]",Volunteerer
5f6f5dc4d3eb082c11b1d005,"[""Volunteerer""]",Volunteerer
5f6f5f73d3eb082c11b1d006,"[""Volunteerer""]",Volunteerer
5f6f627e8de24971d492fc25,"[""Vontureerer""]",Vontureerer
5f6f79498de24971d492fc32,"[""Women"",""Money"",""Spreading love""]",WomenMoneySpreading love
5f6f7b54d3eb082c11b1d017,"[""Mentorship""]",Mentorship
5f6f7fcad3eb082c11b1d019,"[""Forex""]",Forex
5f6f81f4d3eb082c11b1d01a,"[""Volunteer""]",Volunteer
5f7060ae8de24971d492fc53,"[""Volunteerer""]",Volunteerer
5f709738d3eb082c11b1d040,"[""Volunteeerer""]",Volunteeerer
5f709ec68de24971d492fc67,"[""Volunteerer""]",Volunteerer
5f70a131d3eb082c11b1d044,"[""SEO"",""SEM"",""Google Insights"",""DATA Entry"",""Ads Display Strategist"",""Virtual Assistance""]",SEOSEMGoogle InsightsDATA EntryAds Display StrategistVirtual Assistance
5f70a5db8de24971d492fc6a,"[""Volunteerer""]",Volunteerer
5f70af6e8de24971d492fc70,"[""Volunteerer""]",Volunteerer
5f70bd178de24971d492fc78,"[""Chess,Music""]",ChessMusic
5f70bd59d3eb082c11b1d056,"[""Online writing""]",Online writing
5f70dbfbd3eb082c11b1d064,"[""Volunteerer""]",Volunteerer
5f70e0af8de24971d492fc8a,"[""Volunteerer""]",Volunteerer
5f70e3a7d3eb082c11b1d067,"[""Volunteerer""]",Volunteerer
5f70f210d3eb082c11b1d06d,"[""Vokunteerer""]",Vokunteerer
